dimension,ICC_value,CI95%
verbal_fluency,0.09573472458492582,[-0.11  0.29]
hope_and_pe,0.38820153695364984,[0.19 0.55]
persuasiveness,0.19564566439441472,[0.01 0.37]
emotional_expression,0.04679779091173367,[-0.15  0.24]
wau,0.2651465502465189,[0.08 0.43]
empathy,0.37844576310654565,[0.19 0.54]
abc,0.27613189574203945,[0.09 0.45]
arrr,0.3339831747578985,[0.15 0.49]
