dimension,ICC_value,CI95%
verbal_fluency,0.012312577351355629,[-0.19  0.21]
hope_and_pe,0.2172756648383095,[0.01 0.41]
persuasiveness,0.017994132898921007,[-0.17  0.2 ]
emotional_expression,-0.13538048626460372,[-0.33  0.06]
wau,-0.12177402615373945,[-0.31  0.07]
empathy,0.03736808106162652,[-0.17  0.24]
abc,0.07589807798486198,[-0.12  0.27]
arrr,0.1110697554568588,[-0.08  0.29]
