dimension,ICC_value,CI95%
verbal_fluency,-0.00665204098714624,[-0.21  0.2 ]
hope_and_pe,0.5070256620523144,[0.33 0.65]
persuasiveness,0.33620036593812885,[0.16 0.49]
emotional_expression,0.1702876461785723,[-0.03  0.36]
wau,0.3144861114627908,[0.13 0.48]
empathy,0.35503526441807187,[0.17 0.52]
abc,0.41812983500702344,[0.24 0.57]
arrr,0.39182232777237735,[0.22 0.54]
