dimension,ICC_value,CI95%
verbal_fluency,-0.049600864561341614,[-0.25  0.15]
hope_and_pe,0.3646611237332578,[0.17 0.53]
persuasiveness,-0.01832690650852061,[-0.2   0.17]
emotional_expression,-0.026015622888343228,[-0.22  0.17]
wau,0.12935380715047032,[-0.06  0.31]
empathy,0.41554557860801783,[0.23 0.57]
abc,0.15164406185876592,[-0.04  0.34]
arrr,0.06709539728407662,[-0.12  0.25]
