dimension,ICC_value,CI95%
verbal_fluency,-0.03810556348074418,[-0.24  0.16]
hope_and_pe,0.37624905219335786,[0.18 0.54]
persuasiveness,-0.02018278906534168,[-0.2   0.17]
emotional_expression,-1.2426981900494221e-15,[-0.2  0.2]
wau,0.12935380715047032,[-0.06  0.31]
empathy,0.43632880556891335,[0.26 0.59]
abc,0.15164406185876592,[-0.04  0.34]
arrr,0.06709539728407662,[-0.12  0.25]
