dimension,ICC_value,CI95%
verbal_fluency,-0.02685781800022056,[-0.23  0.18]
hope_and_pe,0.5186623468220766,[0.35 0.66]
persuasiveness,0.24704045875857858,[0.07 0.41]
emotional_expression,0.0795779854778469,[-0.12  0.27]
wau,0.33009722477745834,[0.15 0.49]
empathy,0.3904658506546195,[0.21 0.55]
abc,0.4007328383516595,[0.22 0.55]
arrr,0.2685372592822772,[0.08 0.44]
